,EndCriteria,1-PID-1-1,1-PID-2-1,1-PID-3-1,1-PID-4-1,1-PID-5-1,1-PID-6-1,1-PID-7-1,1-PID-8-1,1-PID-9-1,1-PID-10-1,1-PID-11-1,1-PID-12-1,1-PID-13-1,1-PID-14-1,1-PID-15-1,1-PID-16-1,1-PID-17-1,1-RID-1-1,1-RID-2-1,1-RID-3-1,1-RID-4-1,1-RID-5-1,1-RID-6-1,1-RID-7-1,1-RID-8-1,1-RID-9-1,1-RID-10-1,1-RID-11-1,1-RID-12-1,1-RID-13-1,1-RID-14-1,1-RID-15-1,1-RID-16-1,1-RID-17-1,1-PFA-0-1,1-PFA-1-1,1-PFA-2-1,1-PFA-3-1,1-PFA-4-1,1-PFA-5-1,1-PFA-6-1,1-PFA-7-1,1-PFA-8-1,1-PFA-9-1,1-PFA-10-1,1-PFA-11-1,1-PFA-12-1,1-PFA-13-1,1-PFA-14-1,1-PFA-15-1,1-PFA-16-1,1-PFA-17-1,1-DSS-2-100,1-DSS-4-100,1-DSS-6-100,1-DSS-8-100,1-DSS-2-101,1-DSS-4-101,1-DSS-6-101,1-DSS-8-101,1-DSS-10-101,1-DSS-2-102,1-DSS-4-102,1-DSS-6-102,1-DSS-8-102,1-DSS-10-102,1-DSS-2-103,1-DSS-4-103,1-DSS-6-103,1-DSS-8-103,1-DSS-10-103,1-DSS-12-103,1-DSS-2-104,1-DSS-4-104,1-DSS-6-104,1-DSS-8-104,1-DSS-10-104,1-DSS-12-104,1-DSS-2-105,1-DSS-4-105,1-DSS-6-105,1-DSS-8-105,1-DSS-10-105,1-DSS-12-105,1-DSS-14-105,1-DSS-16-105,1-DSS-2-106,1-DSS-4-106,1-DSS-6-106,1-DSS-8-106,1-DSS-10-106,1-DSS-12-106,1-DSS-14-106,1-DSS-16-106,1-DSS-2-107,1-DSS-4-107,1-DSS-6-107,1-DSS-8-107,1-DSS-10-107,1-DSS-12-107,1-DSS-14-107,1-DSS-16-107,1-DSS-2-108,1-DSS-4-108,1-DSS-6-108,1-DSS-8-108,1-DSS-10-108,1-DSS-12-108,1-DSS-14-108,1-DSS-16-108,1-DSS-2-109,1-DSS-4-109,1-DSS-6-109,1-DSS-8-109,1-DSS-10-109,1-DSS-12-109,1-DSS-14-109,1-DSS-16-109
RSN1215_CHICHI_CHY058-E,nonCollapse,0.0143086,0.0149723,0.0137195,0.00987757,0.00747546,0.00631409,0.00637533,0.00525007,0.00498912,0.00488053,0.00485864,0.00544611,0.00661437,0.00681513,0.00608188,0.00488941,0.00291197,-0.0005,-0.0005,-0.0005,-0.0005,-0.0005,0.0005,0.0005,0.0005,0.0005,0.0005,0.0005,0.0005,0.0005,0.0005,0.0005,0.0005,0.0005,69.1341,69.1341,96.2931,127.976,124.509,136.4,151.991,153.769,134.761,126.85,125.396,142.876,160.951,172.679,181.238,188.796,239.496,291.168,0.0,0.0,0.0,0.0,0.0,0.0,0.0,0.0,0.0,0.0,0.0,0.0,0.0,0.0,0.0,0.0,0.0,0.0,0.0,0.0,0.0,0.0,0.0,0.0,0.0,0.0,0.0,0.0,0.0,0.0,0.0,0.0,0.0,0.0,0.0,0.0,0.0,0.0,0.0,0.0,0.0,0.0,0.0,0.0,0.0,0.0,0.0,0.0,0.0,0.0,0.0,0.0,0.0,0.0,0.0,0.0,0.0,0.0,0.0,0.0,0.0,0.0,0.0,0.0,0.0,0.0
RSN1217_CHICHI_CHY060-E,nonCollapse,0.0208513,0.0202116,0.0178335,0.0123876,0.00835429,0.00644734,0.0052496,0.00379143,0.00375944,0.00404158,0.00431014,0.00470302,0.00555707,0.00555399,0.00478786,0.00372579,0.00215161,-0.0005,0.0005,0.0005,0.0005,0.0005,-0.0005,-0.0005,-0.0005,-0.0005,-0.0005,-0.0005,-0.0005,-0.0005,-0.0005,-0.0005,-0.0005,-0.0005,55.5414,55.5414,81.8714,89.4859,98.4609,106.91,108.759,103.444,100.697,106.971,103.514,110.594,119.31,121.901,149.469,182.531,207.209,224.094,0.0,0.0,0.0,0.0,0.0,0.0,0.0,0.0,0.0,0.0,0.0,0.0,0.0,0.0,0.0,0.0,0.0,0.0,0.0,0.0,0.0,0.0,0.0,0.0,0.0,0.0,0.0,0.0,0.0,0.0,0.0,0.0,0.0,0.0,0.0,0.0,0.0,0.0,0.0,0.0,0.0,0.0,0.0,0.0,0.0,0.0,0.0,0.0,0.0,0.0,0.0,0.0,0.0,0.0,0.0,0.0,0.0,0.0,0.0,0.0,0.0,0.0,0.0,0.0,0.0,0.0
RSN1223_CHICHI_CHY067-N,nonCollapse,0.0224207,0.0213423,0.0186298,0.0126463,0.00853008,0.00697436,0.00565578,0.00404066,0.00365966,0.00361412,0.00363263,0.00387508,0.00462703,0.00467985,0.00409892,0.00324463,0.00192306,0.00290576,0.00252492,0.0019203,0.0010467,0.0005,0.0005,0.0005,0.0005,0.0005,0.0005,0.0005,0.0005,0.0005,-0.0005,-0.0005,-0.0005,-0.0005,74.592,74.592,89.5461,109.161,108.435,105.86,110.437,121.735,120.682,123.1,116.941,109.041,114.922,124.206,134.434,147.311,174.25,195.818,0.0,0.0,0.0,0.0,0.0,0.0,0.0,0.0,0.0,0.0,0.0,0.0,0.0,0.0,0.0,0.0,0.0,0.0,0.0,0.0,0.0,0.0,0.0,0.0,0.0,0.0,0.0,0.0,0.0,0.0,0.0,0.0,0.0,0.0,0.0,0.0,0.0,0.0,0.0,0.0,0.0,0.0,0.0,0.0,0.0,0.0,0.0,0.0,0.0,0.0,0.0,0.0,0.0,0.0,0.0,0.0,0.0,0.0,0.0,0.0,0.0,0.0,0.0,0.0,0.0,0.0
RSN1240_CHICHI_CHY094-N,nonCollapse,0.0263403,0.0252687,0.0214227,0.0138195,0.00885518,0.00642641,0.00569956,0.00417394,0.0039953,0.00438195,0.00482526,0.00542363,0.0065549,0.00669207,0.00589468,0.00467988,0.00275984,-0.0005,-0.0005,-0.0005,-0.0005,-0.0005,-0.0005,0.0005,0.0005,0.0005,0.0005,0.0005,0.0005,0.0005,0.0005,-0.0005,-0.0005,-0.0005,61.9158,61.9158,109.801,145.728,146.812,148.115,119.635,125.765,143.085,154.018,164.526,172.319,175.494,164.244,150.088,197.413,240.117,276.938,0.0,0.0,0.0,0.0,0.0,0.0,0.0,0.0,0.0,0.0,0.0,0.0,0.0,0.0,0.0,0.0,0.0,0.0,0.0,0.0,0.0,0.0,0.0,0.0,0.0,0.0,0.0,0.0,0.0,0.0,0.0,0.0,0.0,0.0,0.0,0.0,0.0,0.0,0.0,0.0,0.0,0.0,0.0,0.0,0.0,0.0,0.0,0.0,0.0,0.0,0.0,0.0,0.0,0.0,0.0,0.0,0.0,0.0,0.0,0.0,0.0,0.0,0.0,0.0,0.0,0.0
RSN1242_CHICHI_CHY099-N,nonCollapse,0.021557,0.0206006,0.0170697,0.010715,0.00741877,0.00635851,0.00543383,0.00397604,0.00357453,0.00343484,0.00364016,0.00401111,0.00480709,0.00489321,0.00430609,0.00342114,0.00202829,0.00228819,0.00194716,0.00137352,0.000611252,0.0005,0.0005,0.0005,0.0005,0.0005,0.0005,0.0005,0.0005,0.0005,0.0005,0.0005,0.0005,0.0005,59.3441,59.3441,90.4363,107.117,98.256,109.864,117.81,112.965,123.091,133.007,130.134,131.845,141.122,146.198,145.63,143.307,173.625,201.175,0.0,0.0,0.0,0.0,0.0,0.0,0.0,0.0,0.0,0.0,0.0,0.0,0.0,0.0,0.0,0.0,0.0,0.0,0.0,0.0,0.0,0.0,0.0,0.0,0.0,0.0,0.0,0.0,0.0,0.0,0.0,0.0,0.0,0.0,0.0,0.0,0.0,0.0,0.0,0.0,0.0,0.0,0.0,0.0,0.0,0.0,0.0,0.0,0.0,0.0,0.0,0.0,0.0,0.0,0.0,0.0,0.0,0.0,0.0,0.0,0.0,0.0,0.0,0.0,0.0,0.0
RSN1243_CHICHI_CHY100-N,nonCollapse,0.0213501,0.0206715,0.0172072,0.0109254,0.00737988,0.00641503,0.0053694,0.0039026,0.00365803,0.00373952,0.00394253,0.00428879,0.00511801,0.00525291,0.00464543,0.00369926,0.00218002,0.00138874,0.00121455,0.000877283,0.0005,0.0005,0.0005,0.0005,0.0005,0.0005,0.0005,0.0005,0.0005,0.0005,-0.0005,-0.0005,-0.0005,-0.0005,61.1616,61.1616,98.8546,96.2945,123.298,120.572,128.082,124.078,110.617,117.595,113.148,118.177,126.979,148.319,164.027,159.653,188.034,219.599,0.0,0.0,0.0,0.0,0.0,0.0,0.0,0.0,0.0,0.0,0.0,0.0,0.0,0.0,0.0,0.0,0.0,0.0,0.0,0.0,0.0,0.0,0.0,0.0,0.0,0.0,0.0,0.0,0.0,0.0,0.0,0.0,0.0,0.0,0.0,0.0,0.0,0.0,0.0,0.0,0.0,0.0,0.0,0.0,0.0,0.0,0.0,0.0,0.0,0.0,0.0,0.0,0.0,0.0,0.0,0.0,0.0,0.0,0.0,0.0,0.0,0.0,0.0,0.0,0.0,0.0
RSN1266_CHICHI_HWA015-E,nonCollapse,0.0114128,0.0121654,0.0107783,0.00838854,0.00708578,0.00682037,0.00628822,0.00503994,0.00525336,0.00568571,0.00604088,0.00662248,0.00813651,0.00829781,0.00726144,0.00581684,0.00346638,0.00106264,0.0013914,0.00154018,0.00128494,0.00105573,0.000886753,0.000714185,0.000504993,0.0005,0.0005,0.0005,0.0005,0.000605386,0.000575509,0.0005,0.0005,0.0005,146.076,146.076,131.928,121.231,138.648,155.29,141.507,134.103,114.95,125.926,126.266,121.322,136.831,175.132,219.521,256.59,300.962,343.334,0.0,0.0,0.0,0.0,0.0,0.0,0.0,0.0,0.0,0.0,0.0,0.0,0.0,0.0,0.0,0.0,0.0,0.0,0.0,0.0,0.0,0.0,0.0,0.0,0.0,0.0,0.0,0.0,0.0,0.0,0.0,0.0,0.0,0.0,0.0,0.0,0.0,0.0,0.0,0.0,0.0,0.0,0.0,0.0,0.0,0.0,0.0,0.0,0.0,0.0,0.0,0.0,0.0,0.0,0.0,0.0,0.0,0.0,0.0,0.0,0.0,0.0,0.0,0.0,0.0,0.0
RSN1268_CHICHI_HWA017-E,nonCollapse,0.0203854,0.0190979,0.016045,0.0103922,0.00779336,0.00725292,0.00619415,0.00506698,0.00582157,0.00639804,0.00696573,0.00807357,0.0104285,0.010913,0.00909445,0.00679945,0.00388892,-0.00167435,-0.0013056,-0.00083732,-0.0005,0.0005,0.0005,0.0005,0.0005,0.0005,0.0005,0.0005,0.0005,-0.0005,-0.000571576,-0.0005,0.0005,0.0005,158.45,158.45,158.726,165.186,170.376,169.24,189.355,169.056,142.404,170.084,175.955,168.798,154.952,171.745,248.583,310.359,375.797,410.528,0.0,0.0,0.0,0.0,0.0,0.0,0.0,0.0,0.0,0.0,0.0,0.0,0.0,0.0,0.0,0.0,0.0,0.0,0.0,0.0,0.0,0.0,0.0,0.0,0.0,0.0,0.0,0.0,0.0,0.0,0.0,0.0,0.0,0.0,0.0,0.0,0.0,0.0,0.0,0.0,0.0,0.0,0.0,0.0,0.0,0.0,0.0,0.0,0.0,0.0,0.0,0.0,0.0,0.0,0.0,0.0,0.0,0.0,0.0,0.0,0.0,0.0,0.0,0.0,0.0,0.0
RSN1272_CHICHI_HWA023-E,nonCollapse,0.0192572,0.0202347,0.0185361,0.0132823,0.0100938,0.00795261,0.00661451,0.00513837,0.00534956,0.00550211,0.00558693,0.00614187,0.00741404,0.00759795,0.00674984,0.00542014,0.00324877,0.00397692,0.00362551,0.00305146,0.001905,0.00106271,0.0005,0.0005,0.0005,0.0005,0.0005,0.0005,0.0005,0.0005,0.0005,0.0005,0.0005,0.0005,107.461,107.461,109.641,140.017,150.746,152.045,160.295,159.481,152.868,141.144,161.546,165.053,168.921,180.209,203.131,215.516,265.224,320.534,0.0,0.0,0.0,0.0,0.0,0.0,0.0,0.0,0.0,0.0,0.0,0.0,0.0,0.0,0.0,0.0,0.0,0.0,0.0,0.0,0.0,0.0,0.0,0.0,0.0,0.0,0.0,0.0,0.0,0.0,0.0,0.0,0.0,0.0,0.0,0.0,0.0,0.0,0.0,0.0,0.0,0.0,0.0,0.0,0.0,0.0,0.0,0.0,0.0,0.0,0.0,0.0,0.0,0.0,0.0,0.0,0.0,0.0,0.0,0.0,0.0,0.0,0.0,0.0,0.0,0.0
RSN1292_CHICHI_HWA045-N,nonCollapse,0.0227004,0.0253289,0.0271384,0.020775,0.0125563,0.0091948,0.008888,0.00758649,0.0077405,0.00780946,0.00754617,0.00842814,0.0112357,0.0118371,0.00970748,0.00697829,0.00411976,0.00617078,0.00559315,0.00475384,0.00308297,0.00119749,0.0005,-0.0005,-0.0005,0.0005,0.0005,0.0005,0.0005,-0.0005,0.0005,0.0005,-0.0005,-0.0005,302.356,302.356,428.294,334.606,223.859,240.965,221.646,214.686,212.746,192.054,215.083,252.886,312.068,352.952,373.475,369.897,478.076,424.762,0.0,0.0,0.0,0.0,0.0,0.0,0.0,0.0,0.0,0.0,0.0,0.0,0.0,0.0,0.0,0.0,0.0,0.0,0.0,0.0,0.0,0.0,0.0,0.0,0.0,0.0,0.0,0.0,0.0,0.0,0.0,0.0,0.0,0.0,0.0,0.0,0.0,0.0,0.0,0.0,0.0,0.0,0.0,0.0,0.0,0.0,0.0,0.0,0.0,0.0,0.0,0.0,0.0,0.0,0.0,0.0,0.0,0.0,0.0,0.0,0.0,0.0,0.0,0.0,0.0,0.0
RSN1309_CHICHI_ILA003-N,nonCollapse,0.0250279,0.0243147,0.0213414,0.0143899,0.00965536,0.00706444,0.00565635,0.00430022,0.00419881,0.00435707,0.00449963,0.00478028,0.00555277,0.00561734,0.00495798,0.00394143,0.00229995,0.00166793,0.00148149,0.0011178,0.00053782,0.0005,0.0005,0.0005,0.0005,0.0005,0.0005,0.0005,0.0005,-0.0005,-0.0005,-0.0005,-0.0005,-0.0005,85.0319,85.0319,124.766,154.516,151.578,140.141,124.247,110.992,147.712,157.336,166.73,167.393,158.43,136.937,159.218,184.066,204.982,236.553,0.0,0.0,0.0,0.0,0.0,0.0,0.0,0.0,0.0,0.0,0.0,0.0,0.0,0.0,0.0,0.0,0.0,0.0,0.0,0.0,0.0,0.0,0.0,0.0,0.0,0.0,0.0,0.0,0.0,0.0,0.0,0.0,0.0,0.0,0.0,0.0,0.0,0.0,0.0,0.0,0.0,0.0,0.0,0.0,0.0,0.0,0.0,0.0,0.0,0.0,0.0,0.0,0.0,0.0,0.0,0.0,0.0,0.0,0.0,0.0,0.0,0.0,0.0,0.0,0.0,0.0
RSN1321_CHICHI_ILA021-N,nonCollapse,0.0164227,0.0186047,0.0185109,0.012729,0.00933151,0.00746793,0.0056731,0.0042133,0.00480003,0.00552845,0.0061902,0.00699954,0.0084701,0.00835001,0.00700379,0.00556382,0.00340752,0.00273135,0.00241833,0.0019001,0.000911042,0.0005,-0.0005,-0.0005,-0.0005,-0.0005,-0.0005,-0.0005,-0.0005,-0.0005,-0.0005,-0.0005,-0.0005,-0.0005,161.816,161.816,263.296,201.699,185.183,175.492,166.517,206.063,194.404,179.926,188.355,179.601,155.491,149.87,236.903,319.285,341.964,333.816,0.0,0.0,0.0,0.0,0.0,0.0,0.0,0.0,0.0,0.0,0.0,0.0,0.0,0.0,0.0,0.0,0.0,0.0,0.0,0.0,0.0,0.0,0.0,0.0,0.0,0.0,0.0,0.0,0.0,0.0,0.0,0.0,0.0,0.0,0.0,0.0,0.0,0.0,0.0,0.0,0.0,0.0,0.0,0.0,0.0,0.0,0.0,0.0,0.0,0.0,0.0,0.0,0.0,0.0,0.0,0.0,0.0,0.0,0.0,0.0,0.0,0.0,0.0,0.0,0.0,0.0
RSN1332_CHICHI_ILA042-E,nonCollapse,0.0418619,0.0380354,0.0300609,0.0179028,0.0111033,0.00773936,0.00601756,0.00427,0.00389019,0.00376989,0.00388578,0.00428232,0.00523247,0.00542638,0.00508961,0.00425228,0.00260125,0.0124173,0.0106917,0.00780385,0.00412926,0.00155779,0.0005,0.0005,-0.0005,0.0005,0.0005,0.0005,-0.0005,-0.0005,-0.0005,-0.0005,-0.0005,-0.0005,104.394,104.394,170.519,166.813,150.66,135.166,141.978,128.459,131.506,161.498,192.153,210.484,204.659,172.34,148.909,168.713,200.538,248.098,0.0,0.0,0.0,0.0,0.0,0.0,0.0,0.0,0.0,0.0,0.0,0.0,0.0,0.0,0.0,0.0,0.0,0.0,0.0,0.0,0.0,0.0,0.0,0.0,0.0,0.0,0.0,0.0,0.0,0.0,0.0,0.0,0.0,0.0,0.0,0.0,0.0,0.0,0.0,0.0,0.0,0.0,0.0,0.0,0.0,0.0,0.0,0.0,0.0,0.0,0.0,0.0,0.0,0.0,0.0,0.0,0.0,0.0,0.0,0.0,0.0,0.0,0.0,0.0,0.0,0.0
RSN1336_CHICHI_ILA048-N,nonCollapse,0.020299,0.019585,0.0167469,0.0111324,0.00749787,0.00685475,0.00647767,0.0051698,0.00492121,0.0048998,0.00485366,0.00541593,0.006628,0.00683175,0.00607155,0.00485548,0.00286433,-0.001394,-0.00116333,-0.000804884,-0.0005,-0.0005,0.0005,0.0005,0.0005,0.0005,0.0005,0.0005,0.0005,0.0005,0.0005,0.0005,0.0005,0.0005,68.9987,68.9987,129.502,174.88,181.332,143.27,115.673,108.497,123.175,118.13,109.332,129.161,149.612,166.93,182.288,194.845,245.453,291.153,0.0,0.0,0.0,0.0,0.0,0.0,0.0,0.0,0.0,0.0,0.0,0.0,0.0,0.0,0.0,0.0,0.0,0.0,0.0,0.0,0.0,0.0,0.0,0.0,0.0,0.0,0.0,0.0,0.0,0.0,0.0,0.0,0.0,0.0,0.0,0.0,0.0,0.0,0.0,0.0,0.0,0.0,0.0,0.0,0.0,0.0,0.0,0.0,0.0,0.0,0.0,0.0,0.0,0.0,0.0,0.0,0.0,0.0,0.0,0.0,0.0,0.0,0.0,0.0,0.0,0.0
RSN1377_CHICHI_KAU050-E,nonCollapse,0.0207216,0.0190584,0.0161479,0.010668,0.00725142,0.00603741,0.00506991,0.00449274,0.00454899,0.00474401,0.00502745,0.00552766,0.00662424,0.00675579,0.00599119,0.00480768,0.00287382,-0.00102276,-0.000847852,-0.000583932,-0.0005,-0.0005,0.0005,0.0005,0.0005,0.0005,0.0005,0.0005,0.0005,0.0005,0.0005,0.0005,0.0005,0.0005,134.496,134.496,128.799,164.26,143.241,143.482,145.38,129.986,123.956,122.899,113.169,122.878,145.592,157.084,168.93,206.132,236.368,286.624,0.0,0.0,0.0,0.0,0.0,0.0,0.0,0.0,0.0,0.0,0.0,0.0,0.0,0.0,0.0,0.0,0.0,0.0,0.0,0.0,0.0,0.0,0.0,0.0,0.0,0.0,0.0,0.0,0.0,0.0,0.0,0.0,0.0,0.0,0.0,0.0,0.0,0.0,0.0,0.0,0.0,0.0,0.0,0.0,0.0,0.0,0.0,0.0,0.0,0.0,0.0,0.0,0.0,0.0,0.0,0.0,0.0,0.0,0.0,0.0,0.0,0.0,0.0,0.0,0.0,0.0
RSN1419_CHICHI_TAP017-N,nonCollapse,0.0320357,0.0302024,0.0241661,0.0144996,0.00964757,0.0069768,0.00562694,0.00428282,0.00413207,0.00425313,0.00434734,0.00456128,0.00523018,0.00512232,0.0043717,0.0033979,0.00199006,-0.00969558,-0.00846674,-0.00619405,-0.003084,-0.00133323,-0.0005,0.0005,0.0005,0.0005,0.0005,0.0005,0.0005,0.0005,0.0005,-0.0005,-0.0005,-0.0005,65.3773,65.3773,120.985,126.82,114.157,98.9623,95.3156,101.72,98.4301,106.761,114.294,126.686,140.127,150.057,156.947,177.424,191.88,202.972,0.0,0.0,0.0,0.0,0.0,0.0,0.0,0.0,0.0,0.0,0.0,0.0,0.0,0.0,0.0,0.0,0.0,0.0,0.0,0.0,0.0,0.0,0.0,0.0,0.0,0.0,0.0,0.0,0.0,0.0,0.0,0.0,0.0,0.0,0.0,0.0,0.0,0.0,0.0,0.0,0.0,0.0,0.0,0.0,0.0,0.0,0.0,0.0,0.0,0.0,0.0,0.0,0.0,0.0,0.0,0.0,0.0,0.0,0.0,0.0,0.0,0.0,0.0,0.0,0.0,0.0
RSN1423_CHICHI_TAP026-N,nonCollapse,0.0182656,0.0170778,0.0144798,0.00990861,0.00729649,0.00677228,0.00653985,0.00544492,0.0053373,0.00553794,0.00582368,0.00631961,0.00750715,0.00764636,0.00666639,0.00522132,0.00299591,0.00147332,0.0012292,0.000821359,0.0005,0.0005,0.0005,0.0005,0.0005,0.0005,0.0005,0.0005,0.0005,0.0005,0.0005,0.0005,0.0005,0.0005,95.4585,95.4585,139.517,143.092,124.662,126.111,129.843,140.566,118.035,127.135,125.287,129.231,146.27,168.683,206.218,249.614,284.298,320.203,0.0,0.0,0.0,0.0,0.0,0.0,0.0,0.0,0.0,0.0,0.0,0.0,0.0,0.0,0.0,0.0,0.0,0.0,0.0,0.0,0.0,0.0,0.0,0.0,0.0,0.0,0.0,0.0,0.0,0.0,0.0,0.0,0.0,0.0,0.0,0.0,0.0,0.0,0.0,0.0,0.0,0.0,0.0,0.0,0.0,0.0,0.0,0.0,0.0,0.0,0.0,0.0,0.0,0.0,0.0,0.0,0.0,0.0,0.0,0.0,0.0,0.0,0.0,0.0,0.0,0.0
RSN1436_CHICHI_TAP052-E,nonCollapse,0.016079,0.016034,0.0138007,0.0107588,0.00849495,0.00688547,0.00624481,0.00477124,0.00436287,0.00419033,0.00396569,0.00393536,0.00465349,0.00500409,0.00464345,0.00385754,0.0023581,-0.0005,-0.0005,0.0005,0.0005,0.0005,0.0005,0.0005,0.0005,0.0005,0.0005,0.0005,0.0005,-0.0005,-0.0005,-0.0005,-0.0005,-0.0005,80.3219,80.3219,159.49,142.542,133.316,131.992,140.186,151.92,137.758,151.496,157.141,159.226,189.154,212.659,214.133,182.465,168.488,224.938,0.0,0.0,0.0,0.0,0.0,0.0,0.0,0.0,0.0,0.0,0.0,0.0,0.0,0.0,0.0,0.0,0.0,0.0,0.0,0.0,0.0,0.0,0.0,0.0,0.0,0.0,0.0,0.0,0.0,0.0,0.0,0.0,0.0,0.0,0.0,0.0,0.0,0.0,0.0,0.0,0.0,0.0,0.0,0.0,0.0,0.0,0.0,0.0,0.0,0.0,0.0,0.0,0.0,0.0,0.0,0.0,0.0,0.0,0.0,0.0,0.0,0.0,0.0,0.0,0.0,0.0
RSN1465_CHICHI_TCU007-E,nonCollapse,0.0249531,0.0229142,0.0181205,0.0111692,0.00750434,0.00622332,0.00515997,0.00394279,0.00380059,0.00390712,0.0040324,0.00431055,0.00503577,0.00501783,0.00434868,0.00341681,0.00200874,0.00363864,0.00307842,0.00217108,0.000971582,0.0005,0.0005,-0.0005,-0.0005,-0.0005,-0.0005,-0.0005,-0.0005,-0.0005,-0.0005,-0.0005,-0.0005,-0.0005,53.8829,53.8829,74.3123,108.031,109.472,112.661,104.37,107.615,113.269,121.551,121.93,117.593,114.696,121.621,132.92,160.769,184.254,204.247,0.0,0.0,0.0,0.0,0.0,0.0,0.0,0.0,0.0,0.0,0.0,0.0,0.0,0.0,0.0,0.0,0.0,0.0,0.0,0.0,0.0,0.0,0.0,0.0,0.0,0.0,0.0,0.0,0.0,0.0,0.0,0.0,0.0,0.0,0.0,0.0,0.0,0.0,0.0,0.0,0.0,0.0,0.0,0.0,0.0,0.0,0.0,0.0,0.0,0.0,0.0,0.0,0.0,0.0,0.0,0.0,0.0,0.0,0.0,0.0,0.0,0.0,0.0,0.0,0.0,0.0
RSN1478_CHICHI_TCU033-E,nonCollapse,0.0168834,0.015743,0.0127481,0.00950115,0.00751973,0.0061811,0.0048806,0.00372166,0.00359297,0.00363284,0.00367963,0.00387179,0.00445783,0.00437753,0.00375581,0.00295692,0.00176253,-0.00118415,-0.000931559,-0.0006216,-0.0005,-0.0005,-0.0005,-0.0005,-0.0005,-0.0005,-0.0005,-0.0005,-0.0005,-0.0005,-0.0005,-0.0005,-0.0005,-0.0005,69.3393,69.3393,89.9973,119.812,106.251,100.761,106.944,109.967,119.292,125.395,113.622,109.7,109.271,109.113,132.299,153.753,166.354,174.425,0.0,0.0,0.0,0.0,0.0,0.0,0.0,0.0,0.0,0.0,0.0,0.0,0.0,0.0,0.0,0.0,0.0,0.0,0.0,0.0,0.0,0.0,0.0,0.0,0.0,0.0,0.0,0.0,0.0,0.0,0.0,0.0,0.0,0.0,0.0,0.0,0.0,0.0,0.0,0.0,0.0,0.0,0.0,0.0,0.0,0.0,0.0,0.0,0.0,0.0,0.0,0.0,0.0,0.0,0.0,0.0,0.0,0.0,0.0,0.0,0.0,0.0,0.0,0.0,0.0,0.0
RSN1482_CHICHI_TCU039-E,nonCollapse,0.0294408,0.0279124,0.0232199,0.0145568,0.0100171,0.0077212,0.00621166,0.00431933,0.00368823,0.003544,0.00366839,0.00399556,0.00480095,0.00489824,0.00438046,0.00352575,0.00210015,-0.00624996,-0.0054939,-0.00408318,-0.00210051,-0.000986244,-0.0005,0.0005,0.0005,0.0005,0.0005,0.0005,0.0005,0.0005,0.0005,0.0005,0.0005,0.0005,80.7612,80.7612,109.896,156.231,158.344,130.197,118.015,109.265,109.934,133.156,154.099,168.73,173.689,160.986,136.87,148.158,179.807,213.563,0.0,0.0,0.0,0.0,0.0,0.0,0.0,0.0,0.0,0.0,0.0,0.0,0.0,0.0,0.0,0.0,0.0,0.0,0.0,0.0,0.0,0.0,0.0,0.0,0.0,0.0,0.0,0.0,0.0,0.0,0.0,0.0,0.0,0.0,0.0,0.0,0.0,0.0,0.0,0.0,0.0,0.0,0.0,0.0,0.0,0.0,0.0,0.0,0.0,0.0,0.0,0.0,0.0,0.0,0.0,0.0,0.0,0.0,0.0,0.0,0.0,0.0,0.0,0.0,0.0,0.0
RSN1490_CHICHI_TCU050-E,nonCollapse,0.0245798,0.0217486,0.0169879,0.0124932,0.00974086,0.00815372,0.00719931,0.00535517,0.00488649,0.00491116,0.0049436,0.00515411,0.00591557,0.00579702,0.00498242,0.00398577,0.00227727,-0.00354459,-0.00303743,-0.00220189,-0.00107115,-0.0005,-0.0005,-0.0005,-0.0005,-0.0005,-0.0005,-0.0005,-0.0005,-0.0005,-0.0005,-0.0005,-0.0005,-0.0005,108.744,108.744,125.987,174.121,157.735,150.611,126.576,137.636,128.01,144.222,152.632,167.304,177.649,183.251,184.544,205.532,219.655,247.733,0.0,0.0,0.0,0.0,0.0,0.0,0.0,0.0,0.0,0.0,0.0,0.0,0.0,0.0,0.0,0.0,0.0,0.0,0.0,0.0,0.0,0.0,0.0,0.0,0.0,0.0,0.0,0.0,0.0,0.0,0.0,0.0,0.0,0.0,0.0,0.0,0.0,0.0,0.0,0.0,0.0,0.0,0.0,0.0,0.0,0.0,0.0,0.0,0.0,0.0,0.0,0.0,0.0,0.0,0.0,0.0,0.0,0.0,0.0,0.0,0.0,0.0,0.0,0.0,0.0,0.0
RSN1491_CHICHI_TCU051-E,nonCollapse,0.016904,0.0156544,0.013231,0.00993618,0.00750061,0.00685228,0.00577245,0.00405272,0.00405016,0.00430121,0.00449696,0.00485782,0.00574055,0.00579594,0.00512587,0.00413463,0.00247123,0.00136772,0.0010966,0.000729769,0.0005,-0.0005,-0.0005,-0.0005,-0.0005,-0.0005,-0.0005,-0.0005,-0.0005,-0.0005,-0.0005,-0.0005,-0.0005,-0.0005,78.5567,78.5567,134.365,169.587,153.811,146.787,118.521,113.895,152.163,157.54,152.758,150.141,154.711,160.635,180.721,204.316,222.904,249.851,0.0,0.0,0.0,0.0,0.0,0.0,0.0,0.0,0.0,0.0,0.0,0.0,0.0,0.0,0.0,0.0,0.0,0.0,0.0,0.0,0.0,0.0,0.0,0.0,0.0,0.0,0.0,0.0,0.0,0.0,0.0,0.0,0.0,0.0,0.0,0.0,0.0,0.0,0.0,0.0,0.0,0.0,0.0,0.0,0.0,0.0,0.0,0.0,0.0,0.0,0.0,0.0,0.0,0.0,0.0,0.0,0.0,0.0,0.0,0.0,0.0,0.0,0.0,0.0,0.0,0.0
RSN1493_CHICHI_TCU053-E,nonCollapse,0.0166638,0.0167727,0.0154673,0.0102349,0.00847745,0.00766948,0.00677334,0.00522323,0.00484172,0.00518856,0.00579966,0.00649046,0.0077622,0.0078138,0.00685589,0.00554577,0.00336628,-0.0005,-0.0005,-0.0005,-0.0005,0.0005,0.0005,-0.0005,-0.0005,-0.0005,-0.0005,-0.0005,-0.0005,-0.0005,-0.0005,-0.0005,-0.0005,-0.0005,195.744,195.744,231.066,224.58,224.817,234.419,191.931,186.011,202.3,254.751,256.753,241.52,261.531,253.038,231.039,278.725,304.293,331.106,0.0,0.0,0.0,0.0,0.0,0.0,0.0,0.0,0.0,0.0,0.0,0.0,0.0,0.0,0.0,0.0,0.0,0.0,0.0,0.0,0.0,0.0,0.0,0.0,0.0,0.0,0.0,0.0,0.0,0.0,0.0,0.0,0.0,0.0,0.0,0.0,0.0,0.0,0.0,0.0,0.0,0.0,0.0,0.0,0.0,0.0,0.0,0.0,0.0,0.0,0.0,0.0,0.0,0.0,0.0,0.0,0.0,0.0,0.0,0.0,0.0,0.0,0.0,0.0,0.0,0.0
RSN1494_CHICHI_TCU054-E,nonCollapse,0.0229502,0.0198021,0.0162675,0.0108824,0.00812585,0.0081492,0.00714768,0.00550402,0.0054752,0.00534359,0.00556905,0.00633967,0.00772738,0.00788135,0.00689868,0.00546606,0.00319287,0.00381167,0.00307981,0.0020826,0.000858359,0.0005,-0.0005,-0.0005,0.0005,0.0005,0.0005,0.0005,0.0005,0.0005,0.0005,0.0005,0.0005,0.0005,118.943,118.943,157.068,204.585,188.76,183.524,153.326,160.815,177.69,170.269,180.968,186.647,191.641,203.916,211.109,235.028,287.95,329.602,0.0,0.0,0.0,0.0,0.0,0.0,0.0,0.0,0.0,0.0,0.0,0.0,0.0,0.0,0.0,0.0,0.0,0.0,0.0,0.0,0.0,0.0,0.0,0.0,0.0,0.0,0.0,0.0,0.0,0.0,0.0,0.0,0.0,0.0,0.0,0.0,0.0,0.0,0.0,0.0,0.0,0.0,0.0,0.0,0.0,0.0,0.0,0.0,0.0,0.0,0.0,0.0,0.0,0.0,0.0,0.0,0.0,0.0,0.0,0.0,0.0,0.0,0.0,0.0,0.0,0.0
RSN1495_CHICHI_TCU055-E,nonCollapse,0.0206549,0.0203039,0.0186769,0.0132009,0.00919973,0.00698184,0.00574923,0.00431337,0.00406887,0.00402508,0.00399055,0.00447513,0.00541491,0.00552887,0.0048752,0.004075,0.0025162,0.00218167,0.00199015,0.00166909,0.00104732,0.000575359,0.0005,0.0005,0.0005,0.0005,0.0005,0.0005,0.0005,0.0005,-0.0005,-0.0005,-0.0005,-0.0005,101.469,101.469,129.538,171.693,147.153,118.063,133.39,148.752,129.052,147.306,170.141,192.444,190.617,167.641,164.678,160.268,199.849,237.228,0.0,0.0,0.0,0.0,0.0,0.0,0.0,0.0,0.0,0.0,0.0,0.0,0.0,0.0,0.0,0.0,0.0,0.0,0.0,0.0,0.0,0.0,0.0,0.0,0.0,0.0,0.0,0.0,0.0,0.0,0.0,0.0,0.0,0.0,0.0,0.0,0.0,0.0,0.0,0.0,0.0,0.0,0.0,0.0,0.0,0.0,0.0,0.0,0.0,0.0,0.0,0.0,0.0,0.0,0.0,0.0,0.0,0.0,0.0,0.0,0.0,0.0,0.0,0.0,0.0,0.0
RSN1517_CHICHI_TCU084-E,nonCollapse,0.0178029,0.0205301,0.0207114,0.0150664,0.010239,0.00770009,0.00785198,0.0063237,0.00626994,0.00648389,0.00669968,0.00730598,0.00953822,0.0102188,0.00881184,0.00676419,0.00405204,-0.00170082,-0.00161597,-0.00140987,-0.00090627,-0.000588118,-0.0005,0.0005,0.0005,0.0005,0.0005,0.0005,0.0005,-0.0005,-0.0005,-0.0005,-0.0005,0.0005,179.185,179.185,187.967,205.183,201.346,207.437,170.425,166.319,166.872,160.733,166.177,161.791,187.212,218.093,251.491,321.547,348.256,407.56,0.0,0.0,0.0,0.0,0.0,0.0,0.0,0.0,0.0,0.0,0.0,0.0,0.0,0.0,0.0,0.0,0.0,0.0,0.0,0.0,0.0,0.0,0.0,0.0,0.0,0.0,0.0,0.0,0.0,0.0,0.0,0.0,0.0,0.0,0.0,0.0,0.0,0.0,0.0,0.0,0.0,0.0,0.0,0.0,0.0,0.0,0.0,0.0,0.0,0.0,0.0,0.0,0.0,0.0,0.0,0.0,0.0,0.0,0.0,0.0,0.0,0.0,0.0,0.0,0.0,0.0
RSN1526_CHICHI_TCU098-E,nonCollapse,0.0224949,0.0206757,0.016567,0.0111505,0.00796283,0.00657203,0.00523747,0.00368004,0.00340088,0.00341435,0.00344311,0.00362686,0.00422807,0.00427199,0.00382538,0.00307676,0.00182412,0.00121893,0.00105416,0.000724992,0.0005,0.0005,0.0005,0.0005,0.0005,0.0005,0.0005,0.0005,0.0005,0.0005,0.0005,0.0005,0.0005,0.0005,49.7255,49.7255,94.7669,126.827,122.31,110.524,100.998,100.861,101.837,110.967,111.874,111.462,113.883,112.619,120.482,135.45,154.162,181.939,0.0,0.0,0.0,0.0,0.0,0.0,0.0,0.0,0.0,0.0,0.0,0.0,0.0,0.0,0.0,0.0,0.0,0.0,0.0,0.0,0.0,0.0,0.0,0.0,0.0,0.0,0.0,0.0,0.0,0.0,0.0,0.0,0.0,0.0,0.0,0.0,0.0,0.0,0.0,0.0,0.0,0.0,0.0,0.0,0.0,0.0,0.0,0.0,0.0,0.0,0.0,0.0,0.0,0.0,0.0,0.0,0.0,0.0,0.0,0.0,0.0,0.0,0.0,0.0,0.0,0.0
RSN1538_CHICHI_TCU112-E,nonCollapse,0.0391186,0.0360016,0.0298153,0.018929,0.0110118,0.00681916,0.0056693,0.00452388,0.00448067,0.00472259,0.00497886,0.00538614,0.00632796,0.0063293,0.00551083,0.00436435,0.00260232,0.00260104,0.00238672,0.00191983,0.00122105,0.0005,0.0005,0.0005,0.0005,0.0005,0.0005,0.0005,0.0005,0.0005,-0.0005,-0.0005,-0.0005,-0.0005,46.7426,46.7426,91.8901,118.846,136.027,154.937,155.277,128.803,114.861,113.047,108.997,114.809,117.484,131.188,162.792,198.635,228.688,256.236,0.0,0.0,0.0,0.0,0.0,0.0,0.0,0.0,0.0,0.0,0.0,0.0,0.0,0.0,0.0,0.0,0.0,0.0,0.0,0.0,0.0,0.0,0.0,0.0,0.0,0.0,0.0,0.0,0.0,0.0,0.0,0.0,0.0,0.0,0.0,0.0,0.0,0.0,0.0,0.0,0.0,0.0,0.0,0.0,0.0,0.0,0.0,0.0,0.0,0.0,0.0,0.0,0.0,0.0,0.0,0.0,0.0,0.0,0.0,0.0,0.0,0.0,0.0,0.0,0.0,0.0
RSN1581_CHICHI_TTN031-E,nonCollapse,0.0165119,0.0170786,0.0156459,0.0106308,0.00749048,0.00582602,0.00456579,0.0033039,0.0030515,0.00300235,0.00297756,0.00312103,0.00360765,0.00355517,0.00315754,0.00260211,0.00160351,0.00100862,0.000925647,0.000707441,0.0005,0.0005,0.0005,0.0005,0.0005,0.0005,0.0005,0.0005,0.0005,0.0005,0.0005,0.0005,0.0005,0.0005,52.4578,52.4578,87.2506,78.4272,94.5131,105.681,108.481,106.306,128.027,122.366,109.493,106.019,107.276,114.466,118.485,121.04,135.564,148.076,0.0,0.0,0.0,0.0,0.0,0.0,0.0,0.0,0.0,0.0,0.0,0.0,0.0,0.0,0.0,0.0,0.0,0.0,0.0,0.0,0.0,0.0,0.0,0.0,0.0,0.0,0.0,0.0,0.0,0.0,0.0,0.0,0.0,0.0,0.0,0.0,0.0,0.0,0.0,0.0,0.0,0.0,0.0,0.0,0.0,0.0,0.0,0.0,0.0,0.0,0.0,0.0,0.0,0.0,0.0,0.0,0.0,0.0,0.0,0.0,0.0,0.0,0.0,0.0,0.0,0.0
RSN187_IMPVALL-H_H-PTS225,nonCollapse,0.0271497,0.0266644,0.0226628,0.0143596,0.0102593,0.00820488,0.0064509,0.00421356,0.00389175,0.00399888,0.00402439,0.00447674,0.00564873,0.00597966,0.00545597,0.00447268,0.00272399,0.00545408,0.00470967,0.00350796,0.00172538,0.000628492,0.0005,0.0005,0.0005,0.0005,0.0005,0.0005,0.0005,0.0005,0.0005,0.0005,0.0005,0.0005,145.303,145.303,190.049,165.751,147.542,156.9,136.022,116.653,170.664,182.888,192.251,196.124,185.574,187.039,216.995,211.134,209.096,261.327,0.0,0.0,0.0,0.0,0.0,0.0,0.0,0.0,0.0,0.0,0.0,0.0,0.0,0.0,0.0,0.0,0.0,0.0,0.0,0.0,0.0,0.0,0.0,0.0,0.0,0.0,0.0,0.0,0.0,0.0,0.0,0.0,0.0,0.0,0.0,0.0,0.0,0.0,0.0,0.0,0.0,0.0,0.0,0.0,0.0,0.0,0.0,0.0,0.0,0.0,0.0,0.0,0.0,0.0,0.0,0.0,0.0,0.0,0.0,0.0,0.0,0.0,0.0,0.0,0.0,0.0
RSN2454_CHICHI-03_CHY017N,nonCollapse,0.0205573,0.0203115,0.0175942,0.0117494,0.00771029,0.0061636,0.00550826,0.00415088,0.00368848,0.00346032,0.00354565,0.00377076,0.00439509,0.00438058,0.00380327,0.00299737,0.00177658,0.00153796,0.00133216,0.000964,0.0005,0.0005,0.0005,0.0005,0.0005,0.0005,0.0005,0.0005,0.0005,0.0005,0.0005,0.0005,-0.0005,0.0005,54.1321,54.1321,83.838,96.9939,89.0513,99.0443,113.691,110.354,104.206,109.132,133.608,151.334,155.173,147.807,135.768,143.536,162.333,179.127,0.0,0.0,0.0,0.0,0.0,0.0,0.0,0.0,0.0,0.0,0.0,0.0,0.0,0.0,0.0,0.0,0.0,0.0,0.0,0.0,0.0,0.0,0.0,0.0,0.0,0.0,0.0,0.0,0.0,0.0,0.0,0.0,0.0,0.0,0.0,0.0,0.0,0.0,0.0,0.0,0.0,0.0,0.0,0.0,0.0,0.0,0.0,0.0,0.0,0.0,0.0,0.0,0.0,0.0,0.0,0.0,0.0,0.0,0.0,0.0,0.0,0.0,0.0,0.0,0.0,0.0
RSN2459_CHICHI-03_CHY026N,nonCollapse,0.0127539,0.0133548,0.0121019,0.00859484,0.00631795,0.00510984,0.00411215,0.00292046,0.0026672,0.00265531,0.00265644,0.00277325,0.00321065,0.00318841,0.00275538,0.00216367,0.0012814,0.00267985,0.00273471,0.00236542,0.00151791,0.00095857,0.000641331,0.0005,0.0005,0.0005,0.0005,0.0005,0.0005,0.0005,0.0005,0.0005,-0.0005,0.0005,33.3722,33.3722,65.7655,53.2005,59.1291,72.2851,79.2913,79.705,85.4552,85.3192,87.691,90.0715,92.4026,93.9467,100.584,108.133,117.037,127.092,0.0,0.0,0.0,0.0,0.0,0.0,0.0,0.0,0.0,0.0,0.0,0.0,0.0,0.0,0.0,0.0,0.0,0.0,0.0,0.0,0.0,0.0,0.0,0.0,0.0,0.0,0.0,0.0,0.0,0.0,0.0,0.0,0.0,0.0,0.0,0.0,0.0,0.0,0.0,0.0,0.0,0.0,0.0,0.0,0.0,0.0,0.0,0.0,0.0,0.0,0.0,0.0,0.0,0.0,0.0,0.0,0.0,0.0,0.0,0.0,0.0,0.0,0.0,0.0,0.0,0.0
RSN2484_CHICHI-03_CHY063N,nonCollapse,0.0291613,0.0262812,0.0203434,0.013209,0.00928551,0.00722212,0.00583951,0.00408945,0.00416406,0.0044102,0.00460524,0.00511103,0.00623264,0.00638745,0.00562234,0.00444301,0.00257857,-0.00377689,-0.00328974,-0.00238038,-0.00117157,-0.000555182,-0.0005,-0.0005,0.0005,0.0005,0.0005,-0.0005,-0.0005,-0.0005,-0.0005,-0.0005,-0.0005,-0.0005,87.7154,87.7154,148.207,152.165,146.36,146.876,134.77,140.9,144.796,175.011,186.269,181.48,165.374,144.856,170.095,200.109,232.749,267.494,0.0,0.0,0.0,0.0,0.0,0.0,0.0,0.0,0.0,0.0,0.0,0.0,0.0,0.0,0.0,0.0,0.0,0.0,0.0,0.0,0.0,0.0,0.0,0.0,0.0,0.0,0.0,0.0,0.0,0.0,0.0,0.0,0.0,0.0,0.0,0.0,0.0,0.0,0.0,0.0,0.0,0.0,0.0,0.0,0.0,0.0,0.0,0.0,0.0,0.0,0.0,0.0,0.0,0.0,0.0,0.0,0.0,0.0,0.0,0.0,0.0,0.0,0.0,0.0,0.0,0.0
RSN2501_CHICHI-03_CHY090N,nonCollapse,0.0248287,0.022843,0.0182041,0.0118249,0.00836599,0.0073549,0.00609001,0.00434685,0.00400202,0.00391489,0.00393581,0.00433083,0.0052814,0.00545176,0.00484561,0.0038674,0.00226836,0.000903345,0.000781313,0.000523294,0.0005,-0.0005,-0.0005,0.0005,0.0005,0.0005,0.0005,0.0005,0.0005,0.0005,-0.0005,-0.0005,-0.0005,-0.0005,142.521,142.521,135.991,135.93,148.486,140.457,116.768,141.916,144.383,131.396,156.104,173.682,171.625,149.237,155.788,167.356,201.449,233.954,0.0,0.0,0.0,0.0,0.0,0.0,0.0,0.0,0.0,0.0,0.0,0.0,0.0,0.0,0.0,0.0,0.0,0.0,0.0,0.0,0.0,0.0,0.0,0.0,0.0,0.0,0.0,0.0,0.0,0.0,0.0,0.0,0.0,0.0,0.0,0.0,0.0,0.0,0.0,0.0,0.0,0.0,0.0,0.0,0.0,0.0,0.0,0.0,0.0,0.0,0.0,0.0,0.0,0.0,0.0,0.0,0.0,0.0,0.0,0.0,0.0,0.0,0.0,0.0,0.0,0.0
RSN2512_CHICHI-03_CHY115N,nonCollapse,0.0335551,0.0306451,0.0248326,0.0162683,0.0106382,0.00761168,0.00592788,0.0042607,0.00410172,0.00420363,0.00426974,0.00447272,0.00515002,0.0050861,0.0043874,0.00344237,0.00203966,0.00373178,0.00315379,0.00216892,0.000970956,0.0005,-0.0005,-0.0005,0.0005,0.0005,0.0005,0.0005,0.0005,-0.0005,-0.0005,-0.0005,-0.0005,-0.0005,49.4504,49.4504,81.6361,101.798,113.945,140.866,120.941,120.035,105.189,106.708,114.893,121.677,123.36,134.535,150.356,166.398,185.614,203.624,0.0,0.0,0.0,0.0,0.0,0.0,0.0,0.0,0.0,0.0,0.0,0.0,0.0,0.0,0.0,0.0,0.0,0.0,0.0,0.0,0.0,0.0,0.0,0.0,0.0,0.0,0.0,0.0,0.0,0.0,0.0,0.0,0.0,0.0,0.0,0.0,0.0,0.0,0.0,0.0,0.0,0.0,0.0,0.0,0.0,0.0,0.0,0.0,0.0,0.0,0.0,0.0,0.0,0.0,0.0,0.0,0.0,0.0,0.0,0.0,0.0,0.0,0.0,0.0,0.0,0.0
RSN2626_CHICHI-03_TCU075N,nonCollapse,0.0124087,0.0111665,0.0103451,0.00941304,0.00999502,0.00899251,0.00711693,0.00477581,0.00473617,0.00466001,0.00487381,0.00596544,0.00894989,0.0112063,0.0106858,0.00842774,0.00502488,-0.00245284,-0.00293352,-0.00287633,-0.00214958,-0.00159096,-0.00131588,-0.00103946,-0.000704539,-0.000604782,-0.000572215,-0.000538899,-0.000516393,-0.000516479,-0.000578685,-0.000650296,-0.000641916,-0.0005,315.965,315.965,274.293,355.352,319.063,288.459,244.035,224.989,236.046,259.261,309.438,333.617,303.619,274.645,243.815,276.4,364.607,486.676,0.0,0.0,0.0,0.0,0.0,0.0,0.0,0.0,0.0,0.0,0.0,0.0,0.0,0.0,0.0,0.0,0.0,0.0,0.0,0.0,0.0,0.0,0.0,0.0,0.0,0.0,0.0,0.0,0.0,0.0,0.0,0.0,0.0,0.0,0.0,0.0,0.0,0.0,0.0,0.0,0.0,0.0,0.0,0.0,0.0,0.0,0.0,0.0,0.0,0.0,0.0,0.0,0.0,0.0,0.0,0.0,0.0,0.0,0.0,0.0,0.0,0.0,0.0,0.0,0.0,0.0
RSN2631_CHICHI-03_TCU082N,nonCollapse,0.0189143,0.0192721,0.0190151,0.0161055,0.013376,0.0106585,0.00919091,0.00682368,0.00620177,0.00607294,0.00601052,0.00721103,0.0103944,0.0120273,0.0106958,0.00797332,0.00470933,-0.00267355,-0.00247725,-0.00223331,-0.00167359,-0.00151915,-0.00104639,-0.000534288,-0.0005,-0.0005,0.0005,-0.0005,-0.0005,-0.0005,-0.000687603,-0.000764936,-0.0005,-0.0005,175.469,175.469,196.292,212.263,217.785,197.504,202.06,212.064,193.887,151.846,175.16,201.847,221.074,226.036,231.076,255.732,382.804,483.525,0.0,0.0,0.0,0.0,0.0,0.0,0.0,0.0,0.0,0.0,0.0,0.0,0.0,0.0,0.0,0.0,0.0,0.0,0.0,0.0,0.0,0.0,0.0,0.0,0.0,0.0,0.0,0.0,0.0,0.0,0.0,0.0,0.0,0.0,0.0,0.0,0.0,0.0,0.0,0.0,0.0,0.0,0.0,0.0,0.0,0.0,0.0,0.0,0.0,0.0,0.0,0.0,0.0,0.0,0.0,0.0,0.0,0.0,0.0,0.0,0.0,0.0,0.0,0.0,0.0,0.0
RSN2647_CHICHI-03_TCU112N,nonCollapse,0.0161423,0.0157706,0.0142647,0.0102667,0.00769337,0.00649522,0.00551896,0.00407207,0.00372512,0.00366378,0.0035901,0.0036322,0.00407271,0.00392304,0.0032913,0.00252041,0.00147698,-0.00196122,-0.00186516,-0.00162318,-0.00100912,-0.000575929,-0.0005,-0.0005,-0.0005,-0.0005,-0.0005,-0.0005,-0.0005,-0.0005,-0.0005,-0.0005,-0.0005,-0.0005,67.3135,67.3135,79.488,95.2415,101.553,90.6235,86.2514,84.5737,85.3975,88.4214,100.627,112.495,122.86,131.955,140.025,145.261,148.203,149.389,0.0,0.0,0.0,0.0,0.0,0.0,0.0,0.0,0.0,0.0,0.0,0.0,0.0,0.0,0.0,0.0,0.0,0.0,0.0,0.0,0.0,0.0,0.0,0.0,0.0,0.0,0.0,0.0,0.0,0.0,0.0,0.0,0.0,0.0,0.0,0.0,0.0,0.0,0.0,0.0,0.0,0.0,0.0,0.0,0.0,0.0,0.0,0.0,0.0,0.0,0.0,0.0,0.0,0.0,0.0,0.0,0.0,0.0,0.0,0.0,0.0,0.0,0.0,0.0,0.0,0.0
RSN2662_CHICHI-03_TCU140N,nonCollapse,0.0158667,0.0158635,0.0137815,0.00934291,0.00650232,0.0052176,0.00423712,0.00301518,0.00271844,0.00273625,0.00276338,0.00287973,0.00329532,0.00323687,0.00279133,0.00218689,0.00129311,-0.00226992,-0.00213845,-0.00176054,-0.00105589,-0.00057046,-0.0005,-0.0005,-0.0005,0.0005,0.0005,0.0005,0.0005,0.0005,0.0005,0.0005,0.0005,0.0005,55.0354,55.0354,61.7997,72.2209,74.0696,75.0647,75.4723,80.1521,89.3686,93.6848,94.7343,94.8143,96.7062,97.59,99.997,107.612,118.365,128.598,0.0,0.0,0.0,0.0,0.0,0.0,0.0,0.0,0.0,0.0,0.0,0.0,0.0,0.0,0.0,0.0,0.0,0.0,0.0,0.0,0.0,0.0,0.0,0.0,0.0,0.0,0.0,0.0,0.0,0.0,0.0,0.0,0.0,0.0,0.0,0.0,0.0,0.0,0.0,0.0,0.0,0.0,0.0,0.0,0.0,0.0,0.0,0.0,0.0,0.0,0.0,0.0,0.0,0.0,0.0,0.0,0.0,0.0,0.0,0.0,0.0,0.0,0.0,0.0,0.0,0.0
RSN2703_CHICHI-04_CHY028N,nonCollapse,0.0267173,0.024264,0.020839,0.0133191,0.00772699,0.00629057,0.00513147,0.00358122,0.00336962,0.00336149,0.00365967,0.00392715,0.00493021,0.00518325,0.00467158,0.003761,0.00225189,0.00527271,0.00448061,0.00326995,0.00158116,0.000541163,0.0005,0.0005,0.0005,0.0005,0.0005,0.0005,0.0005,0.0005,0.0005,0.0005,0.0005,0.0005,205.062,205.062,136.532,135.812,139.928,149.843,149.721,147.153,153.973,162.856,139.43,139.771,161.913,223.454,274.621,245.768,189.912,225.743,0.0,0.0,0.0,0.0,0.0,0.0,0.0,0.0,0.0,0.0,0.0,0.0,0.0,0.0,0.0,0.0,0.0,0.0,0.0,0.0,0.0,0.0,0.0,0.0,0.0,0.0,0.0,0.0,0.0,0.0,0.0,0.0,0.0,0.0,0.0,0.0,0.0,0.0,0.0,0.0,0.0,0.0,0.0,0.0,0.0,0.0,0.0,0.0,0.0,0.0,0.0,0.0,0.0,0.0,0.0,0.0,0.0,0.0,0.0,0.0,0.0,0.0,0.0,0.0,0.0,0.0
RSN2720_CHICHI-04_CHY056N,nonCollapse,0.0274539,0.0265157,0.0216438,0.0133189,0.00953985,0.00776135,0.00665962,0.00509525,0.00520223,0.0054316,0.00609353,0.00713452,0.00924478,0.00989001,0.00851633,0.0066609,0.00407078,-0.0071155,-0.00617562,-0.00439467,-0.00208341,-0.000849536,-0.0005,0.0005,0.0005,0.0005,0.0005,0.0005,0.0005,-0.0005,-0.0005,-0.0005,0.0005,0.0005,191.537,191.537,268.099,232.95,187.398,200.452,193.486,171.777,193.472,218.01,219.596,209.339,182.847,213.619,243.469,272.231,343.625,382.887,0.0,0.0,0.0,0.0,0.0,0.0,0.0,0.0,0.0,0.0,0.0,0.0,0.0,0.0,0.0,0.0,0.0,0.0,0.0,0.0,0.0,0.0,0.0,0.0,0.0,0.0,0.0,0.0,0.0,0.0,0.0,0.0,0.0,0.0,0.0,0.0,0.0,0.0,0.0,0.0,0.0,0.0,0.0,0.0,0.0,0.0,0.0,0.0,0.0,0.0,0.0,0.0,0.0,0.0,0.0,0.0,0.0,0.0,0.0,0.0,0.0,0.0,0.0,0.0,0.0,0.0
RSN2722_CHICHI-04_CHY058N,nonCollapse,0.0385814,0.0357391,0.0288132,0.0171625,0.00970307,0.00652621,0.00665265,0.00587309,0.0057463,0.00545787,0.00490365,0.00492288,0.00679824,0.00763459,0.0072377,0.00604973,0.003659,0.0078324,0.00677829,0.00498132,0.00259298,0.000973666,0.0005,0.0005,0.0005,0.0005,0.0005,0.0005,0.0005,0.0005,0.0005,0.0005,0.0005,0.0005,146.21,146.21,229.978,253.454,242.906,212.122,220.369,208.886,205.622,179.693,211.01,287.361,322.766,310.057,275.414,228.538,279.208,355.759,0.0,0.0,0.0,0.0,0.0,0.0,0.0,0.0,0.0,0.0,0.0,0.0,0.0,0.0,0.0,0.0,0.0,0.0,0.0,0.0,0.0,0.0,0.0,0.0,0.0,0.0,0.0,0.0,0.0,0.0,0.0,0.0,0.0,0.0,0.0,0.0,0.0,0.0,0.0,0.0,0.0,0.0,0.0,0.0,0.0,0.0,0.0,0.0,0.0,0.0,0.0,0.0,0.0,0.0,0.0,0.0,0.0,0.0,0.0,0.0,0.0,0.0,0.0,0.0,0.0,0.0
RSN2724_CHICHI-04_CHY060N,nonCollapse,0.0223713,0.0221034,0.019344,0.0128707,0.0084311,0.00613681,0.00519369,0.00406552,0.00396208,0.00404627,0.00411135,0.00433803,0.00504166,0.00501849,0.00435542,0.00343876,0.00203464,0.00192317,0.00173105,0.00137045,0.000739784,0.0005,0.0005,0.0005,0.0005,0.0005,0.0005,0.0005,0.0005,0.0005,0.0005,0.0005,0.0005,0.0005,87.3035,87.3035,98.5556,114.262,111.062,120.277,122.805,109.568,111.75,118.506,130.663,138.257,133.088,145.669,161.387,177.116,189.291,205.979,0.0,0.0,0.0,0.0,0.0,0.0,0.0,0.0,0.0,0.0,0.0,0.0,0.0,0.0,0.0,0.0,0.0,0.0,0.0,0.0,0.0,0.0,0.0,0.0,0.0,0.0,0.0,0.0,0.0,0.0,0.0,0.0,0.0,0.0,0.0,0.0,0.0,0.0,0.0,0.0,0.0,0.0,0.0,0.0,0.0,0.0,0.0,0.0,0.0,0.0,0.0,0.0,0.0,0.0,0.0,0.0,0.0,0.0,0.0,0.0,0.0,0.0,0.0,0.0,0.0,0.0
RSN2881_CHICHI-04_TCU106N,nonCollapse,0.0206156,0.0194031,0.0154852,0.0104402,0.00770409,0.00639841,0.0053155,0.00395348,0.00375999,0.00390235,0.00403245,0.00429804,0.00502865,0.00503818,0.00438667,0.00346019,0.00204775,0.00177741,0.00149847,0.00100765,0.0005,0.0005,-0.0005,-0.0005,-0.0005,-0.0005,-0.0005,-0.0005,-0.0005,-0.0005,-0.0005,-0.0005,-0.0005,-0.0005,58.3027,58.3027,85.9147,112.994,111.711,108.48,97.1705,99.5953,98.6364,95.6419,100.535,108.486,117.119,125.458,139.189,159.408,180.583,203.337,0.0,0.0,0.0,0.0,0.0,0.0,0.0,0.0,0.0,0.0,0.0,0.0,0.0,0.0,0.0,0.0,0.0,0.0,0.0,0.0,0.0,0.0,0.0,0.0,0.0,0.0,0.0,0.0,0.0,0.0,0.0,0.0,0.0,0.0,0.0,0.0,0.0,0.0,0.0,0.0,0.0,0.0,0.0,0.0,0.0,0.0,0.0,0.0,0.0,0.0,0.0,0.0,0.0,0.0,0.0,0.0,0.0,0.0,0.0,0.0,0.0,0.0,0.0,0.0,0.0,0.0
RSN2890_CHICHI-04_TCU118N,nonCollapse,0.0234108,0.0230937,0.019991,0.0130838,0.00873308,0.00651778,0.00538025,0.00396489,0.00368172,0.00379915,0.00392477,0.00418381,0.004884,0.00486096,0.004193,0.00327698,0.00192045,-0.0005,-0.0005,-0.0005,-0.0005,-0.0005,-0.0005,0.0005,0.0005,0.0005,0.0005,0.0005,0.0005,-0.0005,-0.0005,-0.0005,-0.0005,-0.0005,65.4435,65.4435,72.5452,85.5281,94.2483,101.994,102.943,113.221,111.12,98.5216,106.718,120.639,132.035,135.827,136.602,159.353,178.563,194.045,0.0,0.0,0.0,0.0,0.0,0.0,0.0,0.0,0.0,0.0,0.0,0.0,0.0,0.0,0.0,0.0,0.0,0.0,0.0,0.0,0.0,0.0,0.0,0.0,0.0,0.0,0.0,0.0,0.0,0.0,0.0,0.0,0.0,0.0,0.0,0.0,0.0,0.0,0.0,0.0,0.0,0.0,0.0,0.0,0.0,0.0,0.0,0.0,0.0,0.0,0.0,0.0,0.0,0.0,0.0,0.0,0.0,0.0,0.0,0.0,0.0,0.0,0.0,0.0,0.0,0.0
RSN28_PARKF_C12050,nonCollapse,0.020495,0.0198945,0.0178095,0.0117999,0.00749149,0.00549399,0.00453382,0.00357592,0.00349016,0.00360722,0.00380554,0.00417724,0.00501838,0.00514616,0.00460009,0.00371994,0.00224343,0.000709015,0.000616935,0.0005,0.0005,-0.0005,0.0005,0.0005,0.0005,0.0005,0.0005,0.0005,0.0005,0.0005,0.0005,0.0005,0.0005,0.0005,166.307,166.307,118.846,161.861,147.43,140.77,119.245,135.399,145.363,147.0,146.849,159.078,160.301,172.327,197.185,186.282,192.517,217.807,0.0,0.0,0.0,0.0,0.0,0.0,0.0,0.0,0.0,0.0,0.0,0.0,0.0,0.0,0.0,0.0,0.0,0.0,0.0,0.0,0.0,0.0,0.0,0.0,0.0,0.0,0.0,0.0,0.0,0.0,0.0,0.0,0.0,0.0,0.0,0.0,0.0,0.0,0.0,0.0,0.0,0.0,0.0,0.0,0.0,0.0,0.0,0.0,0.0,0.0,0.0,0.0,0.0,0.0,0.0,0.0,0.0,0.0,0.0,0.0,0.0,0.0,0.0,0.0,0.0,0.0
RSN3266_CHICHI-06_CHY026N,nonCollapse,0.0178408,0.0189324,0.0177423,0.0126768,0.00899044,0.00701388,0.00602057,0.00457765,0.00426375,0.00420788,0.00417846,0.00433107,0.00495023,0.00484331,0.00412062,0.00319299,0.0021376,-0.00183846,-0.00165212,-0.00135228,-0.000778525,-0.0005,0.0005,0.0005,0.0005,0.0005,0.0005,0.0005,0.0005,0.0005,0.0005,0.0005,0.0005,0.0005,172.368,172.368,139.532,157.593,130.658,115.989,119.513,120.191,150.355,113.916,119.234,134.644,141.016,143.978,154.826,169.066,179.387,188.23,0.0,0.0,0.0,0.0,0.0,0.0,0.0,0.0,0.0,0.0,0.0,0.0,0.0,0.0,0.0,0.0,0.0,0.0,0.0,0.0,0.0,0.0,0.0,0.0,0.0,0.0,0.0,0.0,0.0,0.0,0.0,0.0,0.0,0.0,0.0,0.0,0.0,0.0,0.0,0.0,0.0,0.0,0.0,0.0,0.0,0.0,0.0,0.0,0.0,0.0,0.0,0.0,0.0,0.0,0.0,0.0,0.0,0.0,0.0,0.0,0.0,0.0,0.0,0.0,0.0,0.0
RSN3498_CHICHI-06_TCU113N,nonCollapse,0.0134226,0.0135788,0.0117611,0.00851325,0.00675865,0.0058087,0.00494042,0.00378094,0.00366439,0.00377354,0.00389368,0.00419739,0.00498938,0.00506699,0.00446477,0.0036704,0.00227379,0.00127155,0.00110644,0.000792441,0.0005,0.0005,0.0005,-0.0005,-0.0005,-0.0005,-0.0005,-0.0005,-0.0005,-0.0005,-0.0005,-0.0005,-0.0005,-0.0005,108.803,108.803,84.44,90.2568,122.531,121.199,98.8466,106.476,103.494,107.131,108.997,124.089,140.752,152.023,145.922,155.961,179.399,210.064,0.0,0.0,0.0,0.0,0.0,0.0,0.0,0.0,0.0,0.0,0.0,0.0,0.0,0.0,0.0,0.0,0.0,0.0,0.0,0.0,0.0,0.0,0.0,0.0,0.0,0.0,0.0,0.0,0.0,0.0,0.0,0.0,0.0,0.0,0.0,0.0,0.0,0.0,0.0,0.0,0.0,0.0,0.0,0.0,0.0,0.0,0.0,0.0,0.0,0.0,0.0,0.0,0.0,0.0,0.0,0.0,0.0,0.0,0.0,0.0,0.0,0.0,0.0,0.0,0.0,0.0
RSN3675_SMART1-45_45M05EW,nonCollapse,0.0235145,0.0221928,0.0188174,0.013143,0.00907954,0.00824871,0.0073746,0.00513366,0.00508702,0.00528173,0.00551241,0.00601104,0.00734373,0.00789994,0.00726563,0.00596547,0.00358897,0.0005,0.0005,0.0005,0.0005,-0.0005,0.0005,0.0005,0.0005,0.0005,0.0005,0.0005,0.0005,0.0005,-0.0005,-0.0005,-0.0005,-0.0005,117.741,117.741,209.924,270.01,237.728,240.98,203.494,155.5,193.358,212.094,217.778,221.219,215.626,218.017,203.877,227.756,262.942,350.547,0.0,0.0,0.0,0.0,0.0,0.0,0.0,0.0,0.0,0.0,0.0,0.0,0.0,0.0,0.0,0.0,0.0,0.0,0.0,0.0,0.0,0.0,0.0,0.0,0.0,0.0,0.0,0.0,0.0,0.0,0.0,0.0,0.0,0.0,0.0,0.0,0.0,0.0,0.0,0.0,0.0,0.0,0.0,0.0,0.0,0.0,0.0,0.0,0.0,0.0,0.0,0.0,0.0,0.0,0.0,0.0,0.0,0.0,0.0,0.0,0.0,0.0,0.0,0.0,0.0,0.0
RSN3846_CHICHI-03_CHY008N,nonCollapse,0.0253796,0.0247427,0.0211672,0.013902,0.00912248,0.00687123,0.00543754,0.0038672,0.00352889,0.00365089,0.0037626,0.00400427,0.00467052,0.00463233,0.00396763,0.00306873,0.00181609,-0.00216892,-0.00189758,-0.00141185,-0.000736189,-0.0005,-0.0005,0.0005,0.0005,0.0005,0.0005,0.0005,0.0005,0.0005,0.0005,0.0005,0.0005,0.0005,54.4733,54.4733,93.501,96.8802,111.19,109.476,102.499,104.833,111.1,112.578,117.357,117.282,122.631,125.607,138.078,158.34,175.022,184.793,0.0,0.0,0.0,0.0,0.0,0.0,0.0,0.0,0.0,0.0,0.0,0.0,0.0,0.0,0.0,0.0,0.0,0.0,0.0,0.0,0.0,0.0,0.0,0.0,0.0,0.0,0.0,0.0,0.0,0.0,0.0,0.0,0.0,0.0,0.0,0.0,0.0,0.0,0.0,0.0,0.0,0.0,0.0,0.0,0.0,0.0,0.0,0.0,0.0,0.0,0.0,0.0,0.0,0.0,0.0,0.0,0.0,0.0,0.0,0.0,0.0,0.0,0.0,0.0,0.0,0.0
RSN4230_NIIGATA_NIGH13NS,nonCollapse,0.0162433,0.0165813,0.0164086,0.0113214,0.00780275,0.00646291,0.00600613,0.00465457,0.00409565,0.00380272,0.00428497,0.00524733,0.006775,0.00736359,0.00698672,0.00595785,0.00375798,0.0005,0.0005,0.0005,0.0005,0.0005,0.0005,0.0005,0.0005,0.0005,0.0005,0.0005,0.0005,-0.0005,-0.0005,-0.0005,-0.0005,-0.0005,245.732,245.732,155.2,157.878,174.88,199.512,216.358,188.179,141.08,195.13,231.905,232.726,222.132,211.887,196.139,238.672,274.829,347.445,0.0,0.0,0.0,0.0,0.0,0.0,0.0,0.0,0.0,0.0,0.0,0.0,0.0,0.0,0.0,0.0,0.0,0.0,0.0,0.0,0.0,0.0,0.0,0.0,0.0,0.0,0.0,0.0,0.0,0.0,0.0,0.0,0.0,0.0,0.0,0.0,0.0,0.0,0.0,0.0,0.0,0.0,0.0,0.0,0.0,0.0,0.0,0.0,0.0,0.0,0.0,0.0,0.0,0.0,0.0,0.0,0.0,0.0,0.0,0.0,0.0,0.0,0.0,0.0,0.0,0.0
RSN4855_CHUETSU_65024NS,nonCollapse,0.0212539,0.0207861,0.0176222,0.0113629,0.00815953,0.00769712,0.0074313,0.00553422,0.00616605,0.00646873,0.0069179,0.00798573,0.0108258,0.0117657,0.00998766,0.00732548,0.00410076,-0.000644871,-0.0005,-0.0005,-0.0005,-0.0005,-0.0005,-0.0005,-0.0005,-0.0005,-0.0005,-0.0005,0.0005,0.0005,0.0005,0.0005,-0.0005,-0.0005,133.413,133.413,286.525,211.966,257.616,277.955,214.163,153.358,176.227,176.175,157.227,192.825,226.586,245.634,294.554,330.342,390.474,447.065,0.0,0.0,0.0,0.0,0.0,0.0,0.0,0.0,0.0,0.0,0.0,0.0,0.0,0.0,0.0,0.0,0.0,0.0,0.0,0.0,0.0,0.0,0.0,0.0,0.0,0.0,0.0,0.0,0.0,0.0,0.0,0.0,0.0,0.0,0.0,0.0,0.0,0.0,0.0,0.0,0.0,0.0,0.0,0.0,0.0,0.0,0.0,0.0,0.0,0.0,0.0,0.0,0.0,0.0,0.0,0.0,0.0,0.0,0.0,0.0,0.0,0.0,0.0,0.0,0.0,0.0
RSN4878_CHUETSU_65083NS,nonCollapse,0.0197398,0.0201155,0.0178184,0.0115083,0.00823854,0.00678422,0.00683353,0.00622065,0.00647997,0.00714875,0.00886649,0.012155,0.0171862,0.0181808,0.0150448,0.0107835,0.00551858,-0.0005,-0.0005,-0.0005,-0.0005,-0.0005,-0.0005,-0.0005,-0.0005,-0.0005,-0.0005,-0.0005,-0.000678254,-0.00100137,-0.000872616,-0.0005,-0.0005,-0.0005,224.125,224.125,278.863,334.398,267.128,444.283,274.26,275.652,236.997,224.504,242.167,227.938,280.76,296.703,346.732,451.832,514.965,550.578,0.0,0.0,0.0,0.0,0.0,0.0,0.0,0.0,0.0,0.0,0.0,0.0,0.0,0.0,0.0,0.0,0.0,0.0,0.0,0.0,0.0,0.0,0.0,0.0,0.0,0.0,0.0,0.0,0.0,0.0,0.0,0.0,0.0,0.0,0.0,0.0,0.0,0.0,0.0,0.0,0.0,0.0,0.0,0.0,0.0,0.0,0.0,0.0,0.0,0.0,0.0,0.0,0.0,0.0,0.0,0.0,0.0,0.0,0.0,0.0,0.0,0.0,0.0,0.0,0.0,0.0
RSN5465_IWATE_AKT010NS,nonCollapse,0.0415303,0.0394421,0.0322235,0.0190544,0.0106974,0.00684436,0.0056019,0.00430983,0.0046718,0.00519664,0.00560418,0.0062722,0.00761534,0.00778809,0.00685161,0.00548482,0.00344943,-0.00736802,-0.00666408,-0.00522156,-0.00271389,-0.00111341,-0.0005,0.0005,0.0005,0.0005,0.0005,0.0005,0.0005,0.0005,0.0005,-0.0005,-0.0005,-0.0005,284.514,284.514,198.498,229.707,233.655,287.448,166.599,148.916,168.457,174.728,195.691,202.26,213.303,218.075,216.189,244.694,281.037,327.948,0.0,0.0,0.0,0.0,0.0,0.0,0.0,0.0,0.0,0.0,0.0,0.0,0.0,0.0,0.0,0.0,0.0,0.0,0.0,0.0,0.0,0.0,0.0,0.0,0.0,0.0,0.0,0.0,0.0,0.0,0.0,0.0,0.0,0.0,0.0,0.0,0.0,0.0,0.0,0.0,0.0,0.0,0.0,0.0,0.0,0.0,0.0,0.0,0.0,0.0,0.0,0.0,0.0,0.0,0.0,0.0,0.0,0.0,0.0,0.0,0.0,0.0,0.0,0.0,0.0,0.0
RSN5473_IWATE_AKT018NS,nonCollapse,0.0271392,0.024831,0.0189349,0.0108567,0.0077121,0.00571715,0.00504185,0.00397871,0.00385842,0.00412546,0.0044535,0.00498606,0.00606704,0.00627039,0.0056151,0.00453453,0.00273081,-0.00398078,-0.00341287,-0.00233716,-0.000987885,-0.0005,-0.0005,0.0005,0.0005,0.0005,0.0005,0.0005,0.0005,-0.0005,-0.0005,-0.0005,-0.0005,-0.0005,264.551,264.551,130.233,174.991,147.829,158.595,137.924,157.149,135.142,161.083,184.125,161.633,162.535,160.5,166.437,181.038,215.15,263.538,0.0,0.0,0.0,0.0,0.0,0.0,0.0,0.0,0.0,0.0,0.0,0.0,0.0,0.0,0.0,0.0,0.0,0.0,0.0,0.0,0.0,0.0,0.0,0.0,0.0,0.0,0.0,0.0,0.0,0.0,0.0,0.0,0.0,0.0,0.0,0.0,0.0,0.0,0.0,0.0,0.0,0.0,0.0,0.0,0.0,0.0,0.0,0.0,0.0,0.0,0.0,0.0,0.0,0.0,0.0,0.0,0.0,0.0,0.0,0.0,0.0,0.0,0.0,0.0,0.0,0.0
RSN571_SMART1-45_45EO1EW,nonCollapse,0.0164779,0.0174859,0.0161729,0.0114996,0.00826523,0.00683292,0.00567642,0.00387318,0.00369356,0.00385088,0.00396679,0.00462668,0.00576456,0.00603902,0.00544423,0.00440699,0.00263075,0.000700051,0.00066422,0.000543618,0.0005,0.0005,0.0005,0.0005,0.0005,0.0005,0.0005,0.0005,0.0005,0.0005,0.0005,0.0005,0.0005,0.0005,105.613,105.613,114.063,118.608,120.08,110.787,112.008,113.099,116.152,141.814,146.109,139.847,137.322,139.752,153.551,174.64,210.389,259.607,0.0,0.0,0.0,0.0,0.0,0.0,0.0,0.0,0.0,0.0,0.0,0.0,0.0,0.0,0.0,0.0,0.0,0.0,0.0,0.0,0.0,0.0,0.0,0.0,0.0,0.0,0.0,0.0,0.0,0.0,0.0,0.0,0.0,0.0,0.0,0.0,0.0,0.0,0.0,0.0,0.0,0.0,0.0,0.0,0.0,0.0,0.0,0.0,0.0,0.0,0.0,0.0,0.0,0.0,0.0,0.0,0.0,0.0,0.0,0.0,0.0,0.0,0.0,0.0,0.0,0.0
RSN572_SMART1-45_45EO2EW,nonCollapse,0.0199541,0.0198702,0.0175211,0.0133762,0.0115076,0.0122473,0.0109026,0.00622263,0.00540693,0.00527612,0.00574721,0.00645731,0.00903163,0.0105281,0.00980364,0.0081909,0.00506283,-0.00149952,-0.00134473,-0.00102944,-0.000630469,-0.000615858,-0.0005,-0.0005,0.0005,0.0005,0.0005,0.0005,0.0005,0.0005,0.0005,0.0005,0.0005,0.0005,363.774,363.774,376.236,348.89,362.571,411.068,291.21,272.39,471.86,339.388,320.527,357.991,350.686,305.196,373.711,261.516,347.644,444.079,0.0,0.0,0.0,0.0,0.0,0.0,0.0,0.0,0.0,0.0,0.0,0.0,0.0,0.0,0.0,0.0,0.0,0.0,0.0,0.0,0.0,0.0,0.0,0.0,0.0,0.0,0.0,0.0,0.0,0.0,0.0,0.0,0.0,0.0,0.0,0.0,0.0,0.0,0.0,0.0,0.0,0.0,0.0,0.0,0.0,0.0,0.0,0.0,0.0,0.0,0.0,0.0,0.0,0.0,0.0,0.0,0.0,0.0,0.0,0.0,0.0,0.0,0.0,0.0,0.0,0.0
RSN5810_IWATE_56362NS,nonCollapse,0.0264272,0.0247485,0.01987,0.0117782,0.00752353,0.00575919,0.00461605,0.00340211,0.00306009,0.00304351,0.00312077,0.00330725,0.0040288,0.00420937,0.00378761,0.00305362,0.00180236,0.00227352,0.00194243,0.00139,0.000603645,0.0005,-0.0005,-0.0005,-0.0005,-0.0005,-0.0005,-0.0005,-0.0005,-0.0005,-0.0005,-0.0005,-0.0005,-0.0005,93.5228,93.5228,77.5093,104.146,101.278,96.8742,102.868,103.27,115.101,111.379,105.267,101.468,109.125,108.452,112.215,122.877,148.71,183.524,0.0,0.0,0.0,0.0,0.0,0.0,0.0,0.0,0.0,0.0,0.0,0.0,0.0,0.0,0.0,0.0,0.0,0.0,0.0,0.0,0.0,0.0,0.0,0.0,0.0,0.0,0.0,0.0,0.0,0.0,0.0,0.0,0.0,0.0,0.0,0.0,0.0,0.0,0.0,0.0,0.0,0.0,0.0,0.0,0.0,0.0,0.0,0.0,0.0,0.0,0.0,0.0,0.0,0.0,0.0,0.0,0.0,0.0,0.0,0.0,0.0,0.0,0.0,0.0,0.0,0.0
RSN5831_SIERRA-MEX_SAL000,nonCollapse,0.0225669,0.0211564,0.016987,0.0110622,0.00745349,0.0060711,0.00491277,0.00381625,0.00357465,0.00353039,0.00341336,0.00361782,0.00439909,0.00463226,0.00429191,0.00355643,0.00218335,0.0005,0.0005,0.0005,0.0005,-0.0005,0.0005,0.0005,0.0005,0.0005,0.0005,0.0005,0.0005,0.0005,0.0005,0.0005,0.0005,-0.0005,78.1474,78.1474,103.856,95.7136,104.59,139.249,123.457,112.176,111.581,111.265,129.512,155.751,174.568,171.636,149.821,152.069,160.676,204.764,0.0,0.0,0.0,0.0,0.0,0.0,0.0,0.0,0.0,0.0,0.0,0.0,0.0,0.0,0.0,0.0,0.0,0.0,0.0,0.0,0.0,0.0,0.0,0.0,0.0,0.0,0.0,0.0,0.0,0.0,0.0,0.0,0.0,0.0,0.0,0.0,0.0,0.0,0.0,0.0,0.0,0.0,0.0,0.0,0.0,0.0,0.0,0.0,0.0,0.0,0.0,0.0,0.0,0.0,0.0,0.0,0.0,0.0,0.0,0.0,0.0,0.0,0.0,0.0,0.0,0.0
RSN5832_SIERRA-MEX_TAM000,nonCollapse,0.0180008,0.0183744,0.016504,0.011191,0.00772512,0.00632316,0.00558305,0.00474042,0.00486804,0.00517552,0.00552175,0.0064845,0.00836394,0.00891488,0.00796259,0.00640811,0.00386708,-0.0005,-0.0005,-0.0005,-0.0005,-0.0005,0.0005,0.0005,0.0005,0.0005,0.0005,0.0005,0.0005,0.0005,0.0005,0.0005,0.0005,-0.0005,85.5703,85.5703,149.353,202.953,180.8,195.046,179.76,162.425,149.271,137.978,125.977,138.921,167.149,197.077,218.477,222.706,303.655,373.883,0.0,0.0,0.0,0.0,0.0,0.0,0.0,0.0,0.0,0.0,0.0,0.0,0.0,0.0,0.0,0.0,0.0,0.0,0.0,0.0,0.0,0.0,0.0,0.0,0.0,0.0,0.0,0.0,0.0,0.0,0.0,0.0,0.0,0.0,0.0,0.0,0.0,0.0,0.0,0.0,0.0,0.0,0.0,0.0,0.0,0.0,0.0,0.0,0.0,0.0,0.0,0.0,0.0,0.0,0.0,0.0,0.0,0.0,0.0,0.0,0.0,0.0,0.0,0.0,0.0,0.0
RSN5837_SIERRA-MEX_01711360,nonCollapse,0.0239043,0.0218719,0.0213153,0.016714,0.0128959,0.0110365,0.00867901,0.00684311,0.00719871,0.00736424,0.00783949,0.010874,0.0162581,0.0177277,0.0147933,0.0103337,0.00530494,-0.00637911,-0.00591865,-0.00509209,-0.003303,-0.00231772,-0.000893349,-0.0005,-0.0005,-0.0005,-0.0005,0.0005,0.0005,0.0005,0.000525669,0.000556262,0.0005,0.0005,301.308,301.308,391.997,452.331,427.891,372.512,277.759,374.269,347.076,331.554,310.99,325.717,353.953,389.194,380.885,450.332,493.048,569.205,0.0,0.0,0.0,0.0,0.0,0.0,0.0,0.0,0.0,0.0,0.0,0.0,0.0,0.0,0.0,0.0,0.0,0.0,0.0,0.0,0.0,0.0,0.0,0.0,0.0,0.0,0.0,0.0,0.0,0.0,0.0,0.0,0.0,0.0,0.0,0.0,0.0,0.0,0.0,0.0,0.0,0.0,0.0,0.0,0.0,0.0,0.0,0.0,0.0,0.0,0.0,0.0,0.0,0.0,0.0,0.0,0.0,0.0,0.0,0.0,0.0,0.0,0.0,0.0,0.0,0.0
RSN5863_SIERRA-MEX_SAC090,nonCollapse,0.0230026,0.0223483,0.019968,0.0123548,0.00917444,0.00936311,0.00846334,0.00715946,0.0060373,0.00613512,0.00668168,0.00765211,0.00978062,0.0108109,0.0102212,0.00839085,0.00557085,0.00360315,0.00308685,0.00228256,0.00107301,0.0005,0.0005,-0.0005,0.0005,0.0005,0.0005,0.0005,0.0005,0.0005,0.0005,0.0005,0.0005,0.0005,480.652,480.652,333.484,406.37,361.19,310.452,409.107,376.496,328.515,302.632,294.176,300.521,378.412,434.123,491.807,434.726,389.541,490.546,0.0,0.0,0.0,0.0,0.0,0.0,0.0,0.0,0.0,0.0,0.0,0.0,0.0,0.0,0.0,0.0,0.0,0.0,0.0,0.0,0.0,0.0,0.0,0.0,0.0,0.0,0.0,0.0,0.0,0.0,0.0,0.0,0.0,0.0,0.0,0.0,0.0,0.0,0.0,0.0,0.0,0.0,0.0,0.0,0.0,0.0,0.0,0.0,0.0,0.0,0.0,0.0,0.0,0.0,0.0,0.0,0.0,0.0,0.0,0.0,0.0,0.0,0.0,0.0,0.0,0.0
RSN5864_SIERRA-MEX_FNK360,nonCollapse,0.0135606,0.0139208,0.0131377,0.0101571,0.00838133,0.00755273,0.00661123,0.00508697,0.00479831,0.00486947,0.00489808,0.00502883,0.00566939,0.00547916,0.00483175,0.00390253,0.00234962,0.00110322,0.0010451,0.000871496,0.000551034,0.0005,0.0005,0.0005,0.0005,0.0005,0.0005,0.0005,0.0005,0.0005,0.0005,0.0005,0.0005,0.0005,94.9507,94.9507,110.504,136.801,124.121,112.433,134.411,122.624,126.039,115.676,129.814,157.586,180.444,194.16,199.725,204.149,208.066,228.877,0.0,0.0,0.0,0.0,0.0,0.0,0.0,0.0,0.0,0.0,0.0,0.0,0.0,0.0,0.0,0.0,0.0,0.0,0.0,0.0,0.0,0.0,0.0,0.0,0.0,0.0,0.0,0.0,0.0,0.0,0.0,0.0,0.0,0.0,0.0,0.0,0.0,0.0,0.0,0.0,0.0,0.0,0.0,0.0,0.0,0.0,0.0,0.0,0.0,0.0,0.0,0.0,0.0,0.0,0.0,0.0,0.0,0.0,0.0,0.0,0.0,0.0,0.0,0.0,0.0,0.0
RSN6891_DARFIELD_CSHSN76W,nonCollapse,0.016556,0.0156851,0.0130672,0.00970471,0.00764108,0.00733022,0.00697293,0.00567353,0.00552386,0.0060584,0.00675576,0.00793734,0.00994993,0.0108808,0.00999375,0.00776868,0.00455378,0.0015855,0.00140638,0.00105604,0.000503347,0.0005,0.0005,0.0005,0.0005,0.0005,0.0005,0.0005,0.0005,0.0005,0.0005,0.0005,0.0005,0.0005,162.643,162.643,213.432,282.951,286.294,281.803,205.623,187.34,243.246,222.243,191.225,205.404,240.183,273.332,423.799,597.879,388.514,474.528,0.0,0.0,0.0,0.0,0.0,0.0,0.0,0.0,0.0,0.0,0.0,0.0,0.0,0.0,0.0,0.0,0.0,0.0,0.0,0.0,0.0,0.0,0.0,0.0,0.0,0.0,0.0,0.0,0.0,0.0,0.0,0.0,0.0,0.0,0.0,0.0,0.0,0.0,0.0,0.0,0.0,0.0,0.0,0.0,0.0,0.0,0.0,0.0,0.0,0.0,0.0,0.0,0.0,0.0,0.0,0.0,0.0,0.0,0.0,0.0,0.0,0.0,0.0,0.0,0.0,0.0
RSN6960_DARFIELD_RHSCN86W,nonCollapse,0.0166031,0.0161868,0.0136407,0.00964906,0.00762533,0.00640212,0.00533816,0.00376857,0.00361172,0.00374229,0.00382572,0.00402266,0.00465748,0.00467797,0.00416885,0.00338279,0.00204965,-0.00132096,-0.00108982,-0.000763044,-0.0005,-0.0005,0.0005,0.0005,0.0005,0.0005,0.0005,0.0005,0.0005,0.0005,0.0005,0.0005,0.0005,0.0005,98.3317,98.3317,104.903,144.858,126.386,142.787,112.448,111.639,128.67,132.15,142.71,171.612,174.924,156.513,157.726,169.314,174.42,197.822,0.0,0.0,0.0,0.0,0.0,0.0,0.0,0.0,0.0,0.0,0.0,0.0,0.0,0.0,0.0,0.0,0.0,0.0,0.0,0.0,0.0,0.0,0.0,0.0,0.0,0.0,0.0,0.0,0.0,0.0,0.0,0.0,0.0,0.0,0.0,0.0,0.0,0.0,0.0,0.0,0.0,0.0,0.0,0.0,0.0,0.0,0.0,0.0,0.0,0.0,0.0,0.0,0.0,0.0,0.0,0.0,0.0,0.0,0.0,0.0,0.0,0.0,0.0,0.0,0.0,0.0
RSN6962_DARFIELD_ROLCS29E,nonCollapse,0.0455985,0.0393673,0.0297875,0.0187614,0.0117734,0.00753701,0.00566422,0.00395947,0.00432911,0.0047018,0.00510189,0.00594788,0.00744476,0.00775401,0.00689058,0.00547898,0.00318891,-0.0186119,-0.0163153,-0.012138,-0.0061228,-0.00253556,-0.0005,0.0005,0.0005,0.0005,0.0005,0.0005,0.0005,-0.0005,-0.0005,-0.0005,-0.0005,-0.0005,174.851,174.851,142.802,178.151,186.3,173.394,149.864,133.754,150.631,173.674,177.983,165.362,136.121,144.182,164.215,213.639,281.223,331.819,0.0,0.0,0.0,0.0,0.0,0.0,0.0,0.0,0.0,0.0,0.0,0.0,0.0,0.0,0.0,0.0,0.0,0.0,0.0,0.0,0.0,0.0,0.0,0.0,0.0,0.0,0.0,0.0,0.0,0.0,0.0,0.0,0.0,0.0,0.0,0.0,0.0,0.0,0.0,0.0,0.0,0.0,0.0,0.0,0.0,0.0,0.0,0.0,0.0,0.0,0.0,0.0,0.0,0.0,0.0,0.0,0.0,0.0,0.0,0.0,0.0,0.0,0.0,0.0,0.0,0.0
RSN6966_DARFIELD_SHLCS40W,nonCollapse,0.0162086,0.0164576,0.0143882,0.0100602,0.00805336,0.00730849,0.00639929,0.0045799,0.00390684,0.00379222,0.00403468,0.00444417,0.00532951,0.00545645,0.00487662,0.00396278,0.00242354,-0.00138222,-0.00119466,-0.000915209,-0.0005,-0.0005,-0.0005,-0.0005,-0.0005,-0.0005,-0.0005,-0.0005,-0.0005,-0.0005,-0.0005,-0.0005,-0.0005,-0.0005,74.835,74.835,115.258,151.9,157.825,124.745,135.479,123.377,160.541,169.997,172.916,178.628,174.227,172.852,159.305,186.357,203.834,230.554,0.0,0.0,0.0,0.0,0.0,0.0,0.0,0.0,0.0,0.0,0.0,0.0,0.0,0.0,0.0,0.0,0.0,0.0,0.0,0.0,0.0,0.0,0.0,0.0,0.0,0.0,0.0,0.0,0.0,0.0,0.0,0.0,0.0,0.0,0.0,0.0,0.0,0.0,0.0,0.0,0.0,0.0,0.0,0.0,0.0,0.0,0.0,0.0,0.0,0.0,0.0,0.0,0.0,0.0,0.0,0.0,0.0,0.0,0.0,0.0,0.0,0.0,0.0,0.0,0.0,0.0
RSN804_LOMAP_SSF115,nonCollapse,0.0211094,0.020153,0.0201758,0.0142892,0.010149,0.00823382,0.00700966,0.0045298,0.00502688,0.00595768,0.00667933,0.00763288,0.00981878,0.0105808,0.00907137,0.00682458,0.00403344,0.0005,0.0005,0.0005,0.0005,0.0005,0.0005,0.0005,0.0005,0.0005,0.0005,0.0005,0.0005,-0.0005,-0.000612862,-0.0005,0.0005,0.0005,193.077,193.077,190.203,227.285,228.401,195.168,180.233,194.216,211.684,233.944,197.396,227.19,219.773,213.613,282.98,321.846,345.815,417.534,0.0,0.0,0.0,0.0,0.0,0.0,0.0,0.0,0.0,0.0,0.0,0.0,0.0,0.0,0.0,0.0,0.0,0.0,0.0,0.0,0.0,0.0,0.0,0.0,0.0,0.0,0.0,0.0,0.0,0.0,0.0,0.0,0.0,0.0,0.0,0.0,0.0,0.0,0.0,0.0,0.0,0.0,0.0,0.0,0.0,0.0,0.0,0.0,0.0,0.0,0.0,0.0,0.0,0.0,0.0,0.0,0.0,0.0,0.0,0.0,0.0,0.0,0.0,0.0,0.0,0.0
RSN832_LANDERS_ABY000,nonCollapse,0.0161125,0.0167022,0.0154479,0.0110258,0.00778805,0.0074135,0.00646817,0.00470752,0.00421428,0.00406202,0.00393121,0.00458455,0.00560873,0.00596943,0.0054588,0.00443779,0.00260677,0.00100687,0.000883662,0.000500709,0.0005,0.0005,0.0005,-0.0005,-0.0005,-0.0005,-0.0005,-0.0005,-0.0005,-0.0005,-0.0005,-0.0005,-0.0005,-0.0005,84.7861,84.7861,112.326,140.813,170.929,147.04,128.035,124.871,127.197,134.024,135.355,152.197,171.372,179.703,175.31,185.265,218.61,267.144,0.0,0.0,0.0,0.0,0.0,0.0,0.0,0.0,0.0,0.0,0.0,0.0,0.0,0.0,0.0,0.0,0.0,0.0,0.0,0.0,0.0,0.0,0.0,0.0,0.0,0.0,0.0,0.0,0.0,0.0,0.0,0.0,0.0,0.0,0.0,0.0,0.0,0.0,0.0,0.0,0.0,0.0,0.0,0.0,0.0,0.0,0.0,0.0,0.0,0.0,0.0,0.0,0.0,0.0,0.0,0.0,0.0,0.0,0.0,0.0,0.0,0.0,0.0,0.0,0.0,0.0
